id_umowy,nazwa_umowy,podmiot_zewnetrzny_id_podmiotu,rodzaj_umowy,data_utworzenia,wymagany_poziom_dostepu
1,fdaqtmhq,29,umowa leasingu,1996-01-11,1
2,zplfbjzo,132,umowa losowa,1991-06-06,1
3,yxcmnlmw,209,umowa losowa,1988-12-20,4
4,mwxjgpsd,1223,umowa wzajemna,2002-02-02,6
5,aovikebd,1138,umowa realna,1993-11-12,10
6,uitjswbr,1253,umowa o dzieło,1994-10-11,4
7,geffghzf,89,umowa o dzieło,1981-05-07,9
8,eqzcjhbm,493,umowa losowa,2007-06-30,2
9,hzzhrmbv,258,umowa losowa,2009-05-23,3
10,awstkcap,1168,umowa adhezyjna,1995-05-29,8
11,gwtzdtrz,1304,umowa wzajemna,2012-06-29,3
12,uqwdmkea,346,umowa poręczenia,2006-12-31,3
13,uigtvmbo,1206,umowa poręczenia,2018-10-03,6
14,cgeupnll,1018,umowa odpłatna,2013-09-27,1
15,fyejjuro,1274,umowa odpłatna,1990-04-11,7
16,bgvsudod,1208,umowa leasingu,1987-12-15,7
17,zhdgcyha,1073,umowa realna,2018-01-12,7
18,itearxpv,1204,umowa losowa,1992-06-10,8
19,nosvgndl,462,umowa adhezyjna,2007-12-30,4
20,wyxpqevj,1306,umowa realna,1989-02-25,1
21,dedphovp,1268,umowa losowa,1996-03-10,10
22,gekfmsuk,1099,umowa o dzieło,1987-06-11,3
23,jnqfdspg,441,umowa losowa,1991-07-24,7
24,lnguoefg,9,umowa adhezyjna,2018-12-16,2
25,ajozbxyu,1311,umowa agencyjna,1985-07-22,6
26,jgvvlkxp,266,umowa losowa,1995-11-19,4
27,qnhuesgb,1101,umowa adhezyjna,2016-08-27,5
28,qboegefc,100,umowa zobowiązująca,1993-03-16,9
29,pcbswpwf,41,umowa realna,2011-11-12,8
30,loybjrrh,230,umowa realna,1992-06-25,6
31,wnnqljcv,1333,umowa administracyjna,2011-01-20,1
32,pjwswjar,1320,umowa realna,1996-09-24,5
33,zpgwjfut,1341,umowa zobowiązująca,1985-09-22,8
34,ixfzjaxu,398,umowa wzajemna,2006-01-19,6
35,gvfizolf,1051,umowa leasingu,1981-03-14,4
36,purbnmxm,202,umowa losowa,1992-04-10,1
37,kmxkchhr,36,umowa zobowiązująca,2003-12-30,5
38,yerfpnwh,1200,umowa poręczenia,1999-12-27,1
39,qjncjysk,1260,umowa losowa,2001-08-20,1
40,qzmxxgxr,487,umowa o dzieło,1994-08-08,3
41,okwlkbed,272,umowa leasingu,2010-09-09,5
42,degnytwn,70,umowa odpłatna,2011-06-26,8
43,onbmopwy,330,umowa losowa,2017-11-28,9
44,mfmlzdzw,446,umowa adhezyjna,2003-02-13,7
45,krpefwci,1261,umowa losowa,2009-01-21,6
46,gistiewj,1244,umowa leasingu,1991-06-24,1
47,dvqmqmjo,370,umowa zobowiązująca,2015-08-21,7
48,zheridfs,1172,umowa odpłatna,2010-05-04,10
49,wgrvogpq,450,umowa losowa,1980-02-10,5
50,dkhborty,67,umowa o dzieło,1998-12-26,6
51,zcatmlno,1207,umowa losowa,1999-01-27,10
52,orplrash,1257,umowa administracyjna,2004-01-17,2
53,edcggejv,1330,umowa administracyjna,1997-12-13,9
54,yfptngub,499,umowa poręczenia,1997-12-14,6
55,xydiiqbf,1192,umowa zobowiązująca,1983-04-02,2
56,enblaemk,421,umowa realna,1985-02-05,8
57,qgjcgtuc,411,umowa zobowiązująca,1998-05-18,8
58,dorfyvxm,1067,umowa o dzieło,2001-09-03,2
59,smttedbr,1041,umowa wzajemna,1995-03-16,10
60,jcilqqcj,490,umowa odpłatna,1991-09-17,1
61,hcanvpaa,61,umowa leasingu,2003-07-06,8
62,zkcdttaa,115,umowa administracyjna,2013-10-07,7
63,yfqylage,328,umowa administracyjna,1993-12-11,5
64,tlmfgdfu,88,umowa administracyjna,1992-10-14,5
65,vlqrsvnl,12,umowa realna,1989-12-05,2
66,erwwoblv,380,umowa adhezyjna,1980-01-04,6
67,azrodzrp,350,umowa o dzieło,1991-04-22,6
68,hqncacoy,274,umowa poręczenia,1988-04-27,5
69,fobuhrgo,387,umowa odpłatna,2013-08-02,1
70,rgehkqlz,1230,umowa odpłatna,2014-03-02,10
71,nvfvugzb,240,umowa leasingu,1993-04-13,2
72,idcjwntw,435,umowa adhezyjna,1989-05-05,8
73,gituulbw,151,umowa poręczenia,2009-01-14,9
74,cllljsbr,354,umowa adhezyjna,1984-03-24,4
75,dhmkbfwv,1128,umowa zobowiązująca,2015-11-29,10
76,ymqxrwit,1232,umowa realna,1988-01-28,7
77,psedtvnm,1112,umowa zobowiązująca,2009-10-27,9
78,dhjjvybq,497,umowa administracyjna,1984-06-17,9
79,ekczdmvs,345,umowa leasingu,2009-04-23,9
80,lxmervje,312,umowa administracyjna,1995-08-26,3
81,mldbzkvh,1040,umowa leasingu,2010-05-24,7
82,tjjorjmp,54,umowa agencyjna,2015-12-13,8
83,fghdndmo,392,umowa losowa,2011-03-04,3
84,pbelieua,1040,umowa o dzieło,2001-02-18,6
85,aicochxv,1194,umowa odpłatna,2006-06-12,1
86,gypiacgd,1172,umowa o dzieło,2018-05-26,10
87,npnwoytg,26,umowa losowa,2011-09-16,8
88,hbrldipx,73,umowa poręczenia,1983-10-22,6
89,geibzdax,35,umowa odpłatna,2018-10-04,7
90,pfjhanko,154,umowa o dzieło,2013-09-02,2
91,ggrfdnvm,391,umowa adhezyjna,1983-11-26,4
92,scnmultu,294,umowa losowa,1987-01-06,5
93,lgbcjkno,1059,umowa losowa,1985-03-29,7
94,rbartabr,359,umowa realna,1981-12-24,7
95,scisqjnh,1091,umowa agencyjna,1994-08-10,3
96,pyjhcnom,1125,umowa losowa,1997-06-24,5
97,cevsxips,463,umowa o dzieło,2001-02-24,4
98,mdcitmza,1076,umowa leasingu,1986-03-31,3
99,yemzzomt,1148,umowa adhezyjna,1993-07-28,3
100,yubdjjgh,1088,umowa adhezyjna,1986-10-03,8
101,gviumdrg,173,umowa administracyjna,2010-05-12,10
102,crmhbcpa,65,umowa losowa,1990-06-04,7
103,arhqycbx,1295,umowa administracyjna,2015-02-25,4
104,dtxuuksl,1003,umowa leasingu,2005-06-17,6
105,surbkmun,137,umowa realna,2009-01-19,7
106,miylwfca,107,umowa leasingu,2011-07-13,7
107,ylfzanwi,1037,umowa zobowiązująca,1982-08-31,4
108,gxugsbcy,122,umowa wzajemna,1986-06-05,5
109,njeqfpjg,1161,umowa o dzieło,2004-10-09,6
110,uwivfepi,1064,umowa losowa,1990-05-24,6
111,bkdkrnpl,1138,umowa losowa,2007-11-12,5
112,oyygcupd,1123,umowa losowa,2011-04-19,3
113,bjvfoadh,145,umowa administracyjna,1980-07-17,3
114,qmcdywxd,1112,umowa realna,1992-11-07,1
115,bcahdlzc,427,umowa adhezyjna,1992-07-18,10
116,hwaawsig,48,umowa agencyjna,2017-05-22,9
117,kakdaocm,1342,umowa leasingu,1982-04-17,3
118,hulfpzzh,281,umowa o dzieło,1983-08-22,3
119,adwbonsk,1270,umowa zobowiązująca,2015-08-06,10
120,mxhodytb,1188,umowa leasingu,2016-05-12,1
121,uatcktqm,269,umowa wzajemna,2015-12-03,3
122,uxmqpeic,9,umowa realna,2015-01-12,10
123,lzggdght,69,umowa poręczenia,1980-07-25,6
124,ugwxovcj,1024,umowa o dzieło,1991-03-15,7
125,suchfssf,229,umowa o dzieło,2006-07-09,5
126,xypztudt,253,umowa odpłatna,2010-07-03,7
127,otivobzy,1232,umowa agencyjna,2008-05-31,10
128,lpqyalkb,1265,umowa wzajemna,2007-12-20,1
129,jqiyegja,311,umowa agencyjna,2008-06-07,7
130,jvacebqv,326,umowa administracyjna,2004-07-28,8
131,fpystbvd,436,umowa administracyjna,2016-11-27,1
132,olofkncb,1048,umowa poręczenia,2018-06-21,3
133,eqpjmfdh,1130,umowa administracyjna,2007-04-08,9
134,efzpreti,1115,umowa agencyjna,2010-03-03,9
135,ojtaxizh,121,umowa losowa,1998-09-23,3
136,nnriqyhr,75,umowa o dzieło,2009-07-04,6
137,wrlkwzcr,427,umowa losowa,1995-04-10,8
138,jqnkqnze,65,umowa leasingu,1982-05-10,4
139,piwawebn,204,umowa adhezyjna,2015-03-27,7
140,mwjlhlpv,1026,umowa o dzieło,1984-09-25,5
141,toevtmll,1161,umowa odpłatna,2008-01-03,1
142,cmrykjne,89,umowa losowa,1988-12-31,10
143,qkheksff,65,umowa poręczenia,2018-03-03,2
144,owybbiqr,243,umowa realna,2016-04-30,6
145,yvbxxdzz,1329,umowa agencyjna,1997-12-20,8
146,kshtlgti,1271,umowa wzajemna,2013-09-30,8
147,doehrhmo,167,umowa administracyjna,2007-09-11,4
148,htnnwknm,72,umowa wzajemna,1997-10-13,10
149,maysnmlz,1222,umowa odpłatna,2004-07-01,8
150,rzgxhgsb,1270,umowa losowa,1987-01-14,2
151,vgjkivnj,1101,umowa o dzieło,1985-04-11,6
152,rzwidrfo,148,umowa losowa,2003-01-23,5
153,dstzhxwx,367,umowa odpłatna,1999-09-04,3
154,pwpbnoge,454,umowa odpłatna,1994-10-19,7
155,hnvrklou,294,umowa wzajemna,1989-08-01,10
156,yggoraag,283,umowa zobowiązująca,1987-05-03,9
157,cutjyxja,1329,umowa realna,1988-11-11,1
158,qxdeganw,1281,umowa poręczenia,2003-01-28,8
159,uhbzevzl,93,umowa administracyjna,2011-02-21,5
160,gjgjajiw,71,umowa wzajemna,1997-06-15,5
161,ceejapct,1199,umowa odpłatna,1985-09-11,2
162,gsobdrwj,1295,umowa poręczenia,1990-05-27,8
163,qzmbbgnb,1305,umowa leasingu,1985-06-10,6
164,cdbeiytp,1204,umowa administracyjna,2010-12-27,2
165,mjxilpel,415,umowa zobowiązująca,1988-10-19,7
166,ktxbxudp,210,umowa adhezyjna,1992-09-28,9
167,evwxkuyo,32,umowa adhezyjna,2016-10-27,7
168,vbewrvly,317,umowa adhezyjna,1987-09-23,3
169,heedlxjv,119,umowa losowa,2013-11-25,1
170,kxcatmgd,186,umowa zobowiązująca,1993-09-19,3
171,uihvihkf,259,umowa zobowiązująca,1981-02-14,10
172,oznhfsqz,1110,umowa poręczenia,2000-11-16,7
173,aatudjcx,20,umowa agencyjna,2000-10-16,2
174,exeqbopi,134,umowa poręczenia,2002-08-15,9
175,sdnrdnik,163,umowa odpłatna,1985-05-26,7
176,pionkwea,56,umowa odpłatna,1997-10-19,7
177,pnlwigae,1099,umowa o dzieło,1981-11-16,6
178,okwobuij,376,umowa zobowiązująca,1990-07-29,7
179,gmrvruit,1302,umowa o dzieło,2014-05-01,7
180,ooabalza,147,umowa administracyjna,1998-07-13,5
181,jbcdgqtx,1233,umowa wzajemna,1983-10-20,5
182,ygdiskkh,1086,umowa realna,2017-06-13,7
183,fobfkapc,11,umowa leasingu,1988-01-24,7
184,ztycxlme,387,umowa o dzieło,1986-02-13,6
185,sxlgxlgw,221,umowa poręczenia,1987-08-23,10
186,wlpfanuc,1221,umowa leasingu,2010-04-27,9
187,bvfvvnue,1113,umowa losowa,2005-08-14,4
188,ogytkatr,1035,umowa zobowiązująca,1998-01-12,5
189,aabkotfu,366,umowa administracyjna,2009-04-26,9
190,uawbgxkb,23,umowa adhezyjna,1994-04-19,3
191,nbzwzcqh,471,umowa o dzieło,2014-02-24,7
192,qkgegupm,1140,umowa losowa,2000-05-24,2
193,zxwsmzgf,1278,umowa leasingu,2012-07-11,10
194,tpmrvaix,133,umowa leasingu,1983-11-22,6
195,zqadalkv,1327,umowa administracyjna,2018-06-05,3
196,ywnblkpb,1314,umowa zobowiązująca,2017-09-02,7
197,rtkojxth,1134,umowa losowa,1993-07-08,8
198,fmiarhsb,427,umowa leasingu,2011-09-15,6
199,uishjbhj,44,umowa poręczenia,2002-02-16,5
200,rqfmnqqs,1158,umowa leasingu,1990-05-05,3
201,bbabjysk,1104,umowa agencyjna,2000-06-28,10
202,ttwuoiyu,1113,umowa wzajemna,2017-02-16,7
203,snnompop,354,umowa losowa,2018-10-06,10
204,lcozlahq,1056,umowa wzajemna,1992-07-01,3
205,wfvuecuv,314,umowa poręczenia,1981-05-23,10
206,qephtjrj,1076,umowa realna,1995-10-13,8
207,glmdeusq,172,umowa agencyjna,1980-10-20,2
208,ikhhejnj,1038,umowa realna,2013-08-29,6
209,dlqsejwa,1129,umowa odpłatna,2007-05-13,6
210,vxdbjbyy,215,umowa losowa,1982-10-16,6
211,jgrqbhlr,497,umowa odpłatna,2015-02-14,5
212,bxmyjdiw,179,umowa o dzieło,2007-03-04,4
213,vyqivrjc,1263,umowa o dzieło,1986-01-08,3
214,hmmzelfe,292,umowa o dzieło,2013-05-14,9
215,seaakrim,401,umowa poręczenia,2001-10-05,2
216,xthxmxyx,180,umowa adhezyjna,2014-11-12,2
217,pkbfzoyx,398,umowa adhezyjna,1980-09-22,8
218,qgbveslv,140,umowa administracyjna,1982-01-03,1
219,qjezarhn,481,umowa odpłatna,1985-11-08,6
220,hlehetnf,1308,umowa zobowiązująca,2011-08-26,9
221,gypvtkxw,39,umowa poręczenia,1983-08-06,4
222,jogjzvfr,1150,umowa leasingu,1987-04-18,3
223,uekzawpu,84,umowa adhezyjna,2003-11-18,2
224,ibnsyqlu,444,umowa poręczenia,1984-10-04,10
225,dxrcncap,1247,umowa wzajemna,1983-05-23,8
226,avwjnnnn,189,umowa adhezyjna,2001-10-13,5
227,ojorfspz,403,umowa wzajemna,2005-11-26,7
228,ykrvyxtb,138,umowa agencyjna,1990-07-21,1
229,hijgwvsx,1083,umowa leasingu,2017-02-13,9
230,egdaghuc,167,umowa losowa,2017-11-26,5
231,stmmnbvf,49,umowa losowa,1982-04-15,5
232,spfyaceg,1270,umowa realna,2018-12-15,3
233,cxjvukhq,1026,umowa odpłatna,2015-03-01,9
234,rrlpkxkh,1030,umowa poręczenia,2009-09-15,1
235,vezzlnqz,1140,umowa o dzieło,2003-09-29,4
236,waekbjhi,1344,umowa poręczenia,1989-09-06,8
237,mjxleoqc,156,umowa zobowiązująca,1986-01-16,9
238,isntlroi,355,umowa leasingu,1980-06-22,6
239,gwzptmqs,54,umowa agencyjna,1999-02-05,1
240,swlvnbbj,327,umowa o dzieło,2015-09-16,4
241,uexhbfyd,421,umowa zobowiązująca,2011-10-20,7
242,tmcabsao,225,umowa leasingu,1980-02-22,4
243,dfakhjab,1234,umowa poręczenia,2011-01-03,1
244,ykxywqjm,334,umowa administracyjna,2009-04-10,5
245,wphlijzi,418,umowa wzajemna,1983-07-13,4
246,iqpkjyii,84,umowa losowa,2007-11-19,4
247,bcbjqhah,428,umowa o dzieło,1997-02-04,5
248,rvzajuix,468,umowa wzajemna,1985-09-17,4
249,eetxfprb,1306,umowa zobowiązująca,2003-11-15,2
250,dhyipmmb,1065,umowa losowa,2014-10-18,3
251,glwmftwl,428,umowa poręczenia,1986-11-13,3
252,kvhubiyv,1098,umowa agencyjna,1982-07-03,9
253,egbeicol,1206,umowa o dzieło,1999-07-25,10
254,lwmbpksa,226,umowa losowa,2004-01-30,2
255,lsdtfbsj,451,umowa losowa,1981-10-22,5
256,smypbkhh,338,umowa poręczenia,2015-03-29,4
257,pwiwphrl,1234,umowa agencyjna,1998-01-25,7
258,ccidnqhh,1120,umowa o dzieło,2001-09-19,7
259,tkduwrdu,365,umowa leasingu,1991-09-11,8
260,euiembls,1253,umowa adhezyjna,1993-05-20,7
261,fdfwrigt,1165,umowa leasingu,2013-07-12,8
262,qmbcvlxo,1079,umowa administracyjna,1999-08-20,6
263,icygbdtt,284,umowa o dzieło,2002-08-19,3
264,wgnpmqyc,255,umowa o dzieło,1990-11-13,8
265,jybxnhoa,1167,umowa o dzieło,2005-10-06,4
266,oyqvmluu,323,umowa leasingu,1983-05-24,4
267,fiejesnj,17,umowa losowa,1992-03-19,10
268,yyqnbuso,1064,umowa administracyjna,2003-12-25,4
269,azuskjcf,1256,umowa agencyjna,1996-03-31,6
270,jnjeholy,1086,umowa odpłatna,1984-04-10,6
271,sixurojp,1347,umowa wzajemna,2011-09-03,9
272,mxnujazd,1324,umowa poręczenia,2005-05-24,2
273,redndffq,334,umowa o dzieło,2011-10-17,3
274,wcscuzwo,1015,umowa adhezyjna,2005-08-02,2
275,vebkiuae,1095,umowa realna,1989-03-04,8
276,qdckybnw,373,umowa adhezyjna,1992-01-09,10
277,jtwvhity,1022,umowa wzajemna,1986-01-05,7
278,aquqqwcv,233,umowa adhezyjna,1994-01-06,1
279,joryiovq,423,umowa o dzieło,2002-04-21,8
280,rwgffuzf,166,umowa o dzieło,1984-09-09,10
281,zewlhmjw,469,umowa wzajemna,1989-06-06,4
282,yuwtvsrz,1152,umowa administracyjna,1982-05-15,10
283,pjoqcreg,428,umowa odpłatna,2014-01-13,8
284,jpgcyvdf,1284,umowa odpłatna,1988-01-27,2
285,dpxbpglr,228,umowa zobowiązująca,2016-07-05,9
286,aaikewsb,376,umowa adhezyjna,2000-10-19,8
287,rlgltoyt,1224,umowa administracyjna,1998-06-04,2
288,gueaywhj,9,umowa leasingu,1982-02-02,10
289,potyinrb,218,umowa poręczenia,2011-07-24,3
290,fkzbstkh,16,umowa wzajemna,1987-10-26,9
291,pqgzlnrr,47,umowa wzajemna,1991-05-19,6
292,pswtooqr,473,umowa leasingu,2010-01-28,8
293,lwecwvgo,1323,umowa poręczenia,2000-02-27,10
294,apohehrk,166,umowa wzajemna,2001-05-01,4
295,kuybnfyp,229,umowa realna,1999-07-15,5
296,dspwuwpe,128,umowa zobowiązująca,1982-08-27,4
297,ywvegcsy,71,umowa losowa,1990-07-09,1
298,xhugabja,1275,umowa adhezyjna,1981-09-14,1
299,epxfwxrc,1049,umowa losowa,1993-02-22,9
300,nsapwoft,1004,umowa wzajemna,2002-04-22,10
301,xshovwei,1083,umowa administracyjna,1993-11-30,10
302,smrbcynq,1106,umowa losowa,2018-09-15,4
303,hnljaqfr,462,umowa odpłatna,1997-04-05,1
304,gbljcrsv,1296,umowa poręczenia,2008-09-29,7
305,byxxqpwv,1034,umowa adhezyjna,1998-07-12,5
306,wxjzmyxe,275,umowa leasingu,1999-10-05,8
307,lsflhdeu,1008,umowa administracyjna,1992-11-03,4
308,itkrpnma,1088,umowa poręczenia,2010-02-05,2
309,fcjddaes,338,umowa leasingu,1981-01-13,7
310,qgslsjos,340,umowa leasingu,2004-02-03,8
311,qhfuunuf,1010,umowa agencyjna,2013-03-31,3
312,ttqmugjj,1256,umowa adhezyjna,2004-04-12,10
313,tnkrspsu,282,umowa losowa,2008-06-23,9
314,cozjosbf,1297,umowa losowa,2003-08-01,2
315,vudvfukf,1265,umowa leasingu,1993-01-26,7
316,puzbnjgk,473,umowa poręczenia,1993-03-12,7
317,rmogukmm,1138,umowa administracyjna,2017-05-24,3
318,cjrnqkur,1234,umowa leasingu,2016-08-03,8
319,uktwhngj,1155,umowa wzajemna,1988-03-05,2
320,yvovmqgl,1234,umowa adhezyjna,1993-06-08,5
321,eicfborb,328,umowa zobowiązująca,2015-10-14,4
322,grqftwcw,144,umowa zobowiązująca,1999-12-12,1
323,xsdgnynl,237,umowa odpłatna,1988-07-08,9
324,xsxzblek,212,umowa odpłatna,1993-06-02,3
325,kajnfxnb,132,umowa o dzieło,2010-12-08,6
326,eyiwwlkz,1075,umowa leasingu,2008-08-15,9
327,jdhsqqyo,249,umowa odpłatna,1995-12-14,10
328,pbavnacv,184,umowa leasingu,1991-09-19,1
329,aqujfwpm,479,umowa leasingu,1989-08-07,1
330,picuvbik,1150,umowa losowa,2002-08-17,8
331,nnoskhkt,282,umowa realna,1987-02-25,7
332,poyoapzz,112,umowa o dzieło,1991-04-06,6
333,rxbqwanh,89,umowa o dzieło,1981-03-21,9
334,tjyzpdpu,1178,umowa realna,2005-05-25,10
335,jgnlzhng,1293,umowa agencyjna,2007-06-28,9
336,lxwauwut,1272,umowa losowa,2014-01-27,10
337,mueaaqik,1068,umowa leasingu,1992-12-25,10
338,kahqhqmx,242,umowa realna,2011-11-07,8
339,aybesryk,1116,umowa leasingu,2006-01-18,6
340,veuackvw,348,umowa wzajemna,1985-09-05,4
341,afzrzlgl,81,umowa zobowiązująca,1986-06-16,8
342,lsurgqvk,499,umowa o dzieło,1982-03-03,8
343,qtpnkyxn,477,umowa o dzieło,2013-10-13,10
344,ipagzwyd,38,umowa losowa,2000-04-25,6
345,llkqjxow,1175,umowa administracyjna,2008-03-25,4
346,cfbiwlhi,1169,umowa administracyjna,2014-05-15,8
347,rkcddxoh,1007,umowa zobowiązująca,2010-12-16,6
348,zbrdaqxw,181,umowa adhezyjna,2010-03-26,10
349,pqnekopj,393,umowa realna,1994-08-20,3
350,nwwwecqz,399,umowa o dzieło,2011-11-21,4
351,dmmagbrp,121,umowa adhezyjna,2012-08-01,6
352,fgbqwwny,1125,umowa realna,1995-03-04,9
353,nryyjkgt,459,umowa administracyjna,2014-09-07,2
354,vjrgpyva,1061,umowa agencyjna,2010-11-24,9
355,nqnbyxgp,119,umowa leasingu,2002-09-09,6
356,sxxjqoxe,304,umowa odpłatna,2012-01-29,2
357,tkgiwhrw,313,umowa wzajemna,1984-10-14,6
358,bhsldznn,1215,umowa poręczenia,1995-06-02,4
359,kmqmmnzu,1165,umowa o dzieło,2001-01-25,5
360,btvxureg,1018,umowa odpłatna,2013-06-30,10
361,bimmbeqz,1340,umowa wzajemna,1982-08-10,7
362,berfvmst,1248,umowa agencyjna,2016-01-25,5
363,avewpmcp,22,umowa odpłatna,1982-07-14,10
364,etkpojwi,1095,umowa o dzieło,2010-12-25,4
365,xgyvhdmo,225,umowa o dzieło,1985-02-26,8
366,yccxtmwe,341,umowa administracyjna,2010-01-03,8
367,ajpnujxi,275,umowa losowa,2002-03-13,4
368,vicspjxa,233,umowa zobowiązująca,1994-06-27,9
369,wswtqlhb,189,umowa agencyjna,1990-05-30,2
370,rehzghfw,168,umowa leasingu,1995-08-16,6
371,wecsiigs,247,umowa leasingu,1985-07-28,8
372,vhhtwpbl,380,umowa agencyjna,1983-07-15,6
373,btjspsxs,345,umowa wzajemna,1980-03-22,5
374,fijahajz,1263,umowa leasingu,2009-08-14,10
375,xgekbjsx,138,umowa leasingu,2002-11-10,7
376,yljrzuyx,427,umowa leasingu,2005-12-16,2
377,klxwujib,1192,umowa o dzieło,2005-03-19,5
378,vvlbqmyd,1109,umowa administracyjna,1988-01-26,9
379,eupqpccy,187,umowa realna,2010-06-19,2
380,fgyugcqg,1094,umowa zobowiązująca,2012-12-30,9
381,bifwfuka,1104,umowa odpłatna,2002-06-30,2
382,dsqzpfzv,384,umowa leasingu,1985-08-21,6
383,engjgcgj,413,umowa odpłatna,1991-12-02,3
384,ehygcpet,475,umowa administracyjna,1989-07-05,9
385,niwvhkgp,1213,umowa adhezyjna,1988-04-07,7
386,otjvqfhn,1082,umowa wzajemna,2017-01-16,6
387,flemhrja,234,umowa administracyjna,1980-07-23,4
388,bavqzgwp,316,umowa poręczenia,2012-02-17,4
389,glvwzkpe,469,umowa leasingu,2010-11-23,5
390,atqfyqrd,370,umowa realna,2016-03-15,1
391,pmikofgc,275,umowa agencyjna,1991-07-08,8
392,gaqrcrcb,460,umowa agencyjna,2014-03-20,2
393,bdldiyij,92,umowa o dzieło,1993-05-17,3
394,ajuzhfab,105,umowa leasingu,1992-06-22,6
395,pfmuayiw,264,umowa administracyjna,1995-09-30,3
396,epyboogq,488,umowa wzajemna,2016-07-14,10
397,aqbpeehh,401,umowa poręczenia,1995-06-27,6
398,tuvvhosi,194,umowa o dzieło,2012-09-30,3
399,besakzbb,220,umowa agencyjna,1999-06-10,2
400,llylzbgu,450,umowa o dzieło,2000-11-27,9
401,odgvwgun,304,umowa administracyjna,1984-11-15,10
402,minerlfh,1038,umowa odpłatna,1984-10-18,1
403,qwfwhzsk,188,umowa wzajemna,1989-04-03,8
404,ecvhfxxy,393,umowa realna,1980-05-21,4
405,zanlwtbk,213,umowa adhezyjna,1988-02-06,6
406,haehytnq,1122,umowa poręczenia,1993-08-13,10
407,tzojwigb,494,umowa adhezyjna,2001-09-22,2
408,sgbsmsbr,1155,umowa agencyjna,2006-11-23,7
409,uyyfjytm,438,umowa agencyjna,2001-01-11,4
410,admnmxig,1276,umowa agencyjna,1998-09-07,7
411,cqmjoykn,400,umowa realna,1981-12-11,5
412,fxjatpyw,334,umowa o dzieło,2017-07-22,2
413,lvcsiumc,1032,umowa wzajemna,2003-04-17,5
414,aridoqrf,271,umowa wzajemna,1981-12-23,7
415,gnalakid,222,umowa realna,2015-09-19,1
416,etcfpxyy,130,umowa realna,2013-03-08,5
417,lyspnerw,1321,umowa odpłatna,2012-06-30,10
418,eibfyiyg,1194,umowa wzajemna,2008-10-20,1
419,rvjvcdfn,66,umowa poręczenia,2007-01-02,3
420,tnqglkkq,1142,umowa poręczenia,2000-06-17,8
421,solzjtxt,370,umowa realna,2007-04-20,3
422,cmjbijap,1301,umowa losowa,1997-07-20,6
423,cubavfwx,232,umowa poręczenia,2002-02-17,10
424,cdiekkgy,88,umowa poręczenia,1992-07-06,7
425,fzfdaqqc,1185,umowa realna,1998-10-01,7
426,qjwedbgn,342,umowa adhezyjna,2011-01-07,3
427,uxpkvxrm,1118,umowa odpłatna,2016-08-12,7
428,ukcorjvz,1093,umowa adhezyjna,1995-04-22,7
429,mkdstfpb,1243,umowa leasingu,1994-01-20,10
430,wppmijug,1258,umowa adhezyjna,2016-05-16,1
431,jcxvbgrl,236,umowa o dzieło,2014-02-01,6
432,aiyjqumf,12,umowa odpłatna,1987-11-22,1
433,bloukemh,102,umowa odpłatna,2017-06-12,3
434,srxyviot,500,umowa adhezyjna,1989-03-16,5
435,lmhdftbl,1245,umowa poręczenia,2006-07-19,8
436,pqjupqbx,1158,umowa adhezyjna,1985-09-21,1
437,wfckpdgq,8,umowa zobowiązująca,2005-11-17,6
438,nrukiryo,1021,umowa poręczenia,2017-12-31,1
439,xntjfcvv,308,umowa odpłatna,2016-10-01,8
440,dnfhaywg,210,umowa o dzieło,1984-04-01,9
441,muzsofrf,195,umowa adhezyjna,2011-12-19,5
442,ttoqbppw,190,umowa losowa,1986-01-25,3
443,hhkfsojm,36,umowa losowa,1998-06-15,2
444,hgddiyng,486,umowa poręczenia,1983-01-15,8
445,wphxgtvb,136,umowa poręczenia,2009-08-21,1
446,jtkjiifw,1258,umowa administracyjna,1987-06-28,2
447,thywsmqn,363,umowa odpłatna,1999-05-22,3
448,bstetnkd,1242,umowa agencyjna,2018-10-25,10
449,spbjvwoj,1070,umowa realna,2001-11-24,3
450,azpagvnj,1271,umowa odpłatna,2001-07-17,7
451,zaeihfqi,91,umowa wzajemna,2010-07-10,7
452,bymfxsgh,1164,umowa zobowiązująca,1992-04-06,6
453,ikfshjqm,258,umowa administracyjna,2003-07-29,9
454,ukkukyko,1089,umowa adhezyjna,2010-10-01,6
455,ahcacbgk,271,umowa administracyjna,1994-03-05,1
456,ppspbrhz,1246,umowa odpłatna,2000-10-25,4
457,ljuqawrl,340,umowa leasingu,2016-02-09,4
458,wwufybjd,1203,umowa realna,1996-09-03,9
459,pnowgoyb,496,umowa administracyjna,2007-03-15,3
460,jwmowgrk,1257,umowa losowa,2009-04-27,9
461,pyqmthpz,260,umowa zobowiązująca,1992-09-18,10
462,limidmtg,25,umowa zobowiązująca,1992-04-07,5
463,xdraptrb,1252,umowa zobowiązująca,1981-03-22,2
464,ufgulllv,1033,umowa realna,1983-11-04,6
465,yhgotdla,317,umowa realna,2009-01-25,9
466,vmicbbgu,465,umowa poręczenia,1983-10-10,5
467,wbcwqfbr,326,umowa losowa,2004-04-08,7
468,uheuwlti,265,umowa administracyjna,1997-06-01,6
469,yssnoxfi,292,umowa agencyjna,1984-07-17,2
470,ahlabwlb,252,umowa realna,1980-08-10,2
471,zqczgvnc,1061,umowa adhezyjna,1997-12-08,8
472,egjqssqu,403,umowa wzajemna,2015-10-29,10
473,qlvqzxmr,437,umowa zobowiązująca,2016-02-25,9
474,ohpgjnss,327,umowa zobowiązująca,1988-01-15,3
475,jjedufnk,353,umowa losowa,1992-06-24,4
476,btygcabh,284,umowa agencyjna,1994-04-23,1
477,iefrkljh,1207,umowa wzajemna,2007-11-15,10
478,arvulpgi,449,umowa realna,1995-03-25,1
479,hmkmzkdb,307,umowa administracyjna,1988-01-09,1
480,sfwmhzsr,1228,umowa leasingu,1985-07-08,10
481,wqhohzid,366,umowa leasingu,1980-03-29,9
482,phkbwllv,500,umowa poręczenia,2007-12-09,6
483,bqvmyxok,189,umowa administracyjna,1981-04-20,7
484,opqzfeal,1156,umowa o dzieło,1983-01-16,1
485,nqzxyxyg,1074,umowa odpłatna,1992-09-26,4
486,kzyrmwhj,133,umowa agencyjna,2012-01-24,9
487,ymbdwzrq,1261,umowa o dzieło,2005-08-17,5
488,cbcamifj,148,umowa poręczenia,2018-04-09,4
489,mmhnykaj,1222,umowa zobowiązująca,1998-01-09,4
490,zqozwrqg,1035,umowa agencyjna,1987-09-29,8
491,rxtgauvw,168,umowa wzajemna,2008-07-02,4
492,fvwumdin,215,umowa poręczenia,2011-12-17,7
493,zomccfqs,12,umowa realna,2005-09-02,6
494,unmziomb,459,umowa wzajemna,2013-05-30,8
495,qxcdnvte,269,umowa adhezyjna,2017-04-11,5
496,zcjruvzg,191,umowa administracyjna,1982-07-09,8
497,osonzjfl,481,umowa realna,2017-03-06,1
498,sryrsmth,133,umowa o dzieło,2008-09-30,4
499,cpofivex,361,umowa leasingu,2010-10-04,5
500,uicvcdda,453,umowa odpłatna,2002-11-27,8
501,bzwcxskp,292,umowa agencyjna,2005-09-13,9
502,btnaifhf,378,umowa leasingu,2018-04-24,7
503,tuircdfz,355,umowa realna,1985-09-25,6
504,gzprnjao,141,umowa wzajemna,1981-12-25,10
505,wtgsoqfu,1051,umowa o dzieło,2017-04-27,3
506,qsnkjaqv,131,umowa administracyjna,1984-10-10,9
507,tzuhfsmt,1132,umowa zobowiązująca,1992-02-04,9
508,yzdkqmhc,1175,umowa o dzieło,2001-11-30,7
509,btsxdtea,1219,umowa poręczenia,2001-05-16,6
510,pfpkslfv,357,umowa agencyjna,2002-09-16,7
511,iopblwis,415,umowa agencyjna,2004-01-13,5
512,suuhwmnm,1185,umowa adhezyjna,2016-02-01,2
513,sdlzgbyk,1015,umowa agencyjna,2003-08-14,5
514,dkovhpmu,1174,umowa odpłatna,1986-04-29,2
515,zicwshpi,449,umowa leasingu,2009-03-30,3
516,bikaluvd,1176,umowa o dzieło,1985-12-06,3
517,ezeizjfy,489,umowa o dzieło,1987-06-24,1
518,tinmnosc,232,umowa leasingu,1986-11-24,1
519,bixdfjqt,1246,umowa losowa,1986-12-10,10
520,rqpomlnu,267,umowa wzajemna,2016-02-15,2
521,bhkkobqe,207,umowa leasingu,2009-04-11,1
522,tggplobc,347,umowa adhezyjna,1990-01-28,8
523,ojzpsqvq,1282,umowa odpłatna,2006-11-16,8
524,rdytpvve,425,umowa wzajemna,1989-03-03,7
525,nfqguytb,40,umowa administracyjna,1988-08-18,7
526,fobrnpxy,1266,umowa odpłatna,1987-02-23,8
527,tmllqsuv,1320,umowa adhezyjna,1980-10-31,10
528,vokxfmym,1069,umowa agencyjna,2013-09-16,10
529,worpcvtn,1136,umowa odpłatna,1980-09-12,6
530,kuzaiqwn,1212,umowa zobowiązująca,2017-04-01,10
531,kthjxkgq,65,umowa losowa,2016-12-27,8
532,bfeiskop,1013,umowa administracyjna,1992-11-10,4
533,udxxpzea,364,umowa leasingu,1985-05-01,9
534,nzsowyna,59,umowa odpłatna,1982-08-03,10
535,zwwphhcg,6,umowa realna,2002-07-06,8
536,wvkvbuon,160,umowa realna,1991-07-23,4
537,bkglvrnf,252,umowa odpłatna,2015-02-09,1
538,sfpadzcw,1186,umowa poręczenia,1980-08-25,8
539,nporedyk,1320,umowa zobowiązująca,1998-12-31,5
540,lyljmkuh,313,umowa adhezyjna,2005-05-18,4
541,quasesjw,168,umowa wzajemna,2014-03-15,4
542,nwmrhwcp,200,umowa odpłatna,1996-09-14,8
543,agwawpni,162,umowa o dzieło,1987-08-04,8
544,trtcdcme,1246,umowa o dzieło,2007-02-27,9
545,obnxhety,1074,umowa wzajemna,1981-04-17,4
546,ezitrjna,223,umowa losowa,1980-07-31,3
547,nwrwyiig,1153,umowa losowa,1984-01-12,10
548,xkfrhcxp,1272,umowa agencyjna,2014-05-03,3
549,jfukpajr,391,umowa adhezyjna,1980-12-26,4
550,chmdputv,84,umowa odpłatna,2004-04-28,2
551,aulsfbho,1258,umowa wzajemna,1982-12-28,6
552,qitvoyfw,1322,umowa losowa,1994-02-07,6
553,byeikwzn,248,umowa zobowiązująca,1988-06-29,5
554,gvsobdnn,461,umowa poręczenia,2014-01-14,7
555,wspzyyuw,1331,umowa zobowiązująca,1987-11-01,2
556,rdkgiaxr,360,umowa agencyjna,2004-04-27,1
557,igiftnyi,57,umowa odpłatna,1983-09-11,1
558,glkcgsrm,1273,umowa wzajemna,1999-02-28,10
559,jpoufvxb,1291,umowa losowa,2006-04-10,8
560,cwldivkf,1238,umowa administracyjna,1994-12-29,2
561,sdgghjwp,198,umowa leasingu,1982-04-28,9
562,wlsszqiu,284,umowa administracyjna,1981-09-19,4
563,foqkktal,299,umowa o dzieło,1983-01-28,7
564,gfpqdbec,329,umowa zobowiązująca,1982-07-05,4
565,oojjrycr,341,umowa odpłatna,1996-10-25,5
566,pqowxftq,1296,umowa realna,2003-03-04,6
567,vlrrdzbo,447,umowa losowa,2006-08-24,8
568,pcbutfwr,231,umowa realna,1980-07-20,9
569,ykoyuqsg,1205,umowa losowa,1990-01-02,9
570,uzqoxard,1267,umowa adhezyjna,2004-03-11,6
571,zahltzld,1208,umowa poręczenia,2010-06-06,7
572,bbrmcfls,171,umowa o dzieło,1992-12-24,7
573,meriguls,1067,umowa leasingu,2006-08-14,7
574,anwuuime,393,umowa zobowiązująca,1989-08-28,5
575,vpjczcem,1024,umowa realna,2000-03-13,6
576,yrgsmokr,1057,umowa losowa,1987-04-25,9
577,ixpcxmju,1159,umowa zobowiązująca,2001-06-11,10
578,zjlzzbge,236,umowa wzajemna,1998-10-14,7
579,oldztndh,1257,umowa agencyjna,1984-01-03,8
580,qwkusxpz,1036,umowa poręczenia,1985-02-24,8
581,eqtlxgak,1117,umowa odpłatna,2016-05-13,9
582,qbwpmomw,1063,umowa odpłatna,2010-06-16,2
583,mftktvxs,1315,umowa o dzieło,2004-01-18,5
584,iryhaeln,456,umowa odpłatna,2005-08-16,5
585,yscdkizw,1059,umowa poręczenia,1987-09-10,7
586,faarswda,399,umowa o dzieło,1990-08-22,5
587,wnynomgn,21,umowa wzajemna,2005-01-21,7
588,rufstwdw,80,umowa zobowiązująca,2017-02-07,1
589,zgkvaeuy,221,umowa wzajemna,1994-04-27,9
590,wsayvhpw,337,umowa wzajemna,2001-01-06,6
591,hkojxfbl,152,umowa leasingu,1984-10-01,7
592,bjcsesyv,218,umowa agencyjna,1994-02-11,10
593,gnfsdltq,1200,umowa leasingu,1989-12-10,3
594,alwzofoz,1249,umowa losowa,1983-06-28,9
595,tgdegeuz,1036,umowa agencyjna,2002-06-14,5
596,prukitui,1184,umowa losowa,2002-08-14,8
597,ucihatqa,1050,umowa odpłatna,1986-12-03,3
598,ytckxipj,278,umowa odpłatna,2005-11-20,7
599,zmxgftiz,1317,umowa odpłatna,1994-07-10,1
600,yodshidu,1280,umowa administracyjna,2001-09-29,5
601,tmcllejw,466,umowa o dzieło,1993-07-17,10
602,cybdrldd,262,umowa zobowiązująca,2006-12-29,7
603,onjarhwz,305,umowa o dzieło,1995-08-11,10
604,okkijtvw,20,umowa realna,2015-10-05,4
605,ongvkolr,262,umowa leasingu,1989-01-24,10
606,dbshustj,170,umowa realna,1980-03-08,8
607,jllwojff,398,umowa poręczenia,2011-02-19,8
608,ylxwhfex,1085,umowa odpłatna,2005-02-07,10
609,irxcceai,62,umowa administracyjna,1992-05-11,2
610,ykifnsrw,1328,umowa administracyjna,2005-07-06,4
611,tpfzhmyk,448,umowa adhezyjna,2005-09-07,2
612,aeziazjw,144,umowa o dzieło,2006-08-23,2
613,bgfoxtxt,164,umowa leasingu,2016-10-19,2
614,uptgakdm,273,umowa administracyjna,1999-01-08,6
615,mpleafrv,168,umowa zobowiązująca,2007-12-04,5
616,vevnvsqa,1099,umowa odpłatna,2002-05-27,9
617,jqiaksoy,26,umowa leasingu,2005-10-03,8
618,yrjvlcvy,489,umowa adhezyjna,2005-12-21,7
619,chttqlci,1070,umowa wzajemna,1984-06-10,2
620,plqpxqvj,1044,umowa o dzieło,2010-11-13,8
621,hnjbbekz,1225,umowa poręczenia,2012-11-22,6
622,irtisydp,300,umowa agencyjna,1985-05-31,7
623,ldmqcgua,112,umowa poręczenia,2001-12-22,8
624,dmccecyw,497,umowa o dzieło,2004-08-04,5
625,yxkhljal,174,umowa o dzieło,1980-09-03,6
626,fymvsqvq,288,umowa wzajemna,2007-06-13,3
627,fgdoydqi,1056,umowa leasingu,2004-06-21,1
628,pltakywc,1063,umowa poręczenia,2007-03-17,8
629,yzoljkle,1110,umowa o dzieło,1980-09-07,6
630,clnvobvg,1308,umowa adhezyjna,1984-01-18,1
631,dobnjipg,1118,umowa adhezyjna,2008-11-18,7
632,enkavbuk,275,umowa o dzieło,1980-12-13,8
633,lloupeyy,1174,umowa administracyjna,1986-02-10,4
634,cqpmsepb,1135,umowa zobowiązująca,2011-09-28,7
635,fqmijpls,1299,umowa leasingu,2013-04-30,6
636,kxvyzbfl,1119,umowa losowa,1984-03-14,7
637,rflhiria,459,umowa odpłatna,1984-11-12,4
638,qgopfdau,1144,umowa zobowiązująca,1984-08-31,1
639,mobahcna,54,umowa losowa,1981-06-06,9
640,cjaaxpty,398,umowa realna,2000-12-26,3
641,ahhnpxha,416,umowa realna,2002-08-25,2
642,bdatjpkx,293,umowa losowa,1991-01-01,8
643,qekfnoif,1122,umowa poręczenia,2012-10-06,5
644,kglocbme,50,umowa administracyjna,2009-04-19,2
645,qcbyppxa,1230,umowa poręczenia,1987-09-16,1
646,dwjchcrd,197,umowa poręczenia,2006-08-17,8
647,mexaplil,423,umowa zobowiązująca,1988-03-19,6
648,sggffeda,45,umowa poręczenia,2011-11-06,4
649,sdafllda,177,umowa adhezyjna,1991-12-04,8
650,hqukkxof,1262,umowa administracyjna,1986-01-11,6
651,jysktccu,1345,umowa administracyjna,1987-05-07,2
652,hvqbxyzj,157,umowa agencyjna,1984-09-02,6
653,ugxrbjzf,457,umowa losowa,2018-03-23,3
654,zwffrqcp,418,umowa administracyjna,1994-08-31,9
655,shvsgpbq,254,umowa zobowiązująca,1981-05-12,1
656,lzqkijcz,454,umowa odpłatna,1986-08-27,5
657,mukeuxus,114,umowa poręczenia,2015-12-01,8
658,eakyvisb,1095,umowa losowa,2001-11-04,9
659,eyvgtckl,215,umowa administracyjna,1990-06-17,8
660,awtijutg,269,umowa o dzieło,1993-04-22,6
661,movatyzq,3,umowa poręczenia,1999-01-19,4
662,ltfpvtva,1241,umowa zobowiązująca,1992-11-19,7
663,jfuxhisp,1271,umowa poręczenia,1981-12-20,10
664,musitlgi,455,umowa odpłatna,1996-09-18,2
665,pfkxilrl,1264,umowa losowa,1983-01-13,2
666,zmniykjh,172,umowa administracyjna,2018-08-19,5
667,wpbrbfes,1279,umowa odpłatna,2001-11-02,2
668,nnbqhihj,209,umowa wzajemna,1980-03-30,1
669,xqenuzwq,1336,umowa agencyjna,1999-03-25,6
670,ardaoywz,1286,umowa losowa,1993-04-23,10
671,oakrrlzn,1347,umowa agencyjna,2011-03-12,10
672,irwbszgo,1063,umowa odpłatna,2001-02-22,8
673,nfvsynaz,1219,umowa odpłatna,1985-01-19,5
674,ogkynjsr,332,umowa wzajemna,2016-01-17,7
675,yubspues,1038,umowa administracyjna,1982-02-19,2
676,tjumcbcm,1256,umowa administracyjna,1996-07-10,1
677,fovwdipg,310,umowa odpłatna,1982-09-08,3
678,lkzqbgqv,1063,umowa o dzieło,2015-08-09,1
679,jltfjjeu,16,umowa wzajemna,2010-06-04,9
680,kilfyare,463,umowa realna,1985-03-12,4
681,uymiqdxe,1345,umowa odpłatna,1999-12-20,7
682,otmrmjns,1307,umowa wzajemna,1995-07-07,10
683,cuasnszg,137,umowa administracyjna,2003-08-04,3
684,dxpjrfay,360,umowa o dzieło,1995-06-19,2
685,htkgomyo,412,umowa leasingu,1997-05-21,2
686,pfwiczet,299,umowa realna,2007-06-16,3
687,lhfnfcxc,1315,umowa poręczenia,2006-12-21,9
688,dvtmqdvt,7,umowa administracyjna,2002-07-02,4
689,nsjnexxd,1339,umowa losowa,2010-04-20,10
690,pzncuodb,492,umowa leasingu,1980-12-12,6
691,wqbpvfqy,1247,umowa leasingu,1992-03-27,3
692,bvueuvcw,11,umowa adhezyjna,2002-06-17,6
693,zepxhbkx,1206,umowa agencyjna,2013-06-19,4
694,ifoivjpx,281,umowa realna,2016-12-28,8
695,nwzcsgwb,1305,umowa realna,2014-11-26,6
696,exozdlcy,1246,umowa agencyjna,2009-03-09,6
697,wjapdvjs,70,umowa losowa,2013-08-25,1
698,xuthlxcq,1131,umowa agencyjna,2013-04-27,6
699,pkwnohdg,1258,umowa o dzieło,2009-09-07,1
700,pobfdabu,43,umowa administracyjna,2004-04-11,7
701,rlpxavpd,127,umowa realna,2010-10-27,7
702,hourchvt,1257,umowa adhezyjna,1992-09-13,10
703,ndxeuluu,335,umowa losowa,2008-08-07,2
704,xjxoiykz,153,umowa losowa,2015-12-27,5
705,mozxnora,1350,umowa losowa,1982-07-26,9
706,ofvzhrya,1130,umowa leasingu,2003-02-10,4
707,dcyxxqvr,1032,umowa realna,2016-08-22,7
708,oezkmrjh,120,umowa zobowiązująca,2015-05-23,9
709,qciuzvsn,300,umowa agencyjna,1982-08-14,6
710,gtsndnqs,1258,umowa agencyjna,2013-12-01,8
711,ajukkxlk,10,umowa o dzieło,2017-07-04,3
712,xrahpyio,74,umowa agencyjna,2010-10-02,8
713,bzypjryl,1034,umowa adhezyjna,2001-07-24,4
714,lcufxchd,290,umowa realna,2001-05-29,8
715,aglzfrru,47,umowa realna,1982-01-07,3
716,ryuacfwm,1128,umowa realna,1984-07-24,6
717,dngibclr,1229,umowa zobowiązująca,2006-05-20,10
718,beufucpz,1066,umowa zobowiązująca,2009-07-24,9
719,vtpjgcur,1182,umowa zobowiązująca,1991-03-07,8
720,tbquqjmp,469,umowa odpłatna,1995-03-22,7
721,sbuvyudq,281,umowa adhezyjna,2009-07-29,10
722,duswtise,414,umowa odpłatna,2016-11-15,9
723,cogsjrsy,1086,umowa zobowiązująca,1991-02-26,8
724,haftaxyv,500,umowa leasingu,2009-01-10,10
725,zfabcwbq,469,umowa losowa,2015-07-05,9
726,iyoooaga,41,umowa poręczenia,2000-05-21,8
727,kbgdilgv,1234,umowa poręczenia,2000-07-02,10
728,xdxnmqqn,492,umowa leasingu,1992-04-15,7
729,ndxgmede,460,umowa o dzieło,2001-11-07,8
730,zpdoxilr,1035,umowa poręczenia,1997-02-24,9
731,kxsonhjn,1180,umowa wzajemna,2000-01-01,7
732,vismukzw,1332,umowa realna,2018-07-11,8
733,jecafbpl,338,umowa poręczenia,2016-03-24,10
734,rhybnana,257,umowa leasingu,1992-05-24,6
735,wfnhcwng,1280,umowa administracyjna,2016-11-18,10
736,cdzmaaxw,1100,umowa zobowiązująca,1994-01-17,3
737,eqtituge,1032,umowa agencyjna,1984-06-13,9
738,dhrwwnye,1009,umowa odpłatna,1983-04-17,2
739,awapicxx,83,umowa wzajemna,1990-09-12,10
740,sotspqui,146,umowa leasingu,2013-10-25,5
741,upkfynaz,235,umowa adhezyjna,1996-06-20,7
742,tqplmufw,1035,umowa adhezyjna,1993-01-20,10
743,onwmhrdo,415,umowa leasingu,2007-04-22,4
744,ptsyltwe,1144,umowa administracyjna,1990-12-09,6
745,grutwgfa,176,umowa zobowiązująca,1989-06-23,2
746,rcuflnnu,1231,umowa realna,2006-11-04,2
747,ssujtzdv,429,umowa losowa,2007-11-24,7
748,lwvfruya,189,umowa realna,1998-05-10,8
749,okulrqdg,371,umowa odpłatna,2007-09-13,10
750,gpbslmdo,77,umowa leasingu,1994-03-08,9
751,jxbgmxwc,128,umowa wzajemna,1991-02-22,3
752,sysqadso,298,umowa losowa,1995-04-01,8
753,plmlkosc,13,umowa adhezyjna,2018-07-21,1
754,kiylqioe,1051,umowa losowa,2006-11-12,4
755,pdugiveg,1346,umowa zobowiązująca,2001-11-09,1
756,qxajlasm,24,umowa agencyjna,1990-06-28,4
757,wybitxzw,1213,umowa administracyjna,1999-06-05,10
758,rnnwtacz,254,umowa agencyjna,1997-01-22,6
759,byvjzdik,1321,umowa losowa,1990-03-04,5
760,mnknlsxs,1147,umowa o dzieło,1993-01-02,8
761,svhteuig,1333,umowa poręczenia,1999-11-19,9
762,afnqsnkd,101,umowa losowa,1998-09-06,8
763,lvoaqrxv,172,umowa wzajemna,1989-08-02,7
764,gdogkeab,1314,umowa zobowiązująca,2010-05-10,6
765,bzzxaqhl,1096,umowa odpłatna,1998-09-17,2
766,uawyvjsj,393,umowa o dzieło,2004-10-11,10
767,zjaxtmqb,1076,umowa poręczenia,2006-02-13,1
768,oznaabvs,406,umowa leasingu,2018-04-19,3
769,chafojis,90,umowa wzajemna,1987-07-02,4
770,gtktmazg,353,umowa wzajemna,1999-08-29,8
771,qioxieyx,1133,umowa o dzieło,1994-02-25,10
772,yjrnoprc,223,umowa zobowiązująca,2012-09-25,5
773,bzopvfxs,27,umowa adhezyjna,1988-06-06,7
774,juddrjkk,159,umowa administracyjna,2003-10-10,7
775,wpezaczy,1019,umowa poręczenia,2012-08-12,4
776,wuzinejq,15,umowa leasingu,1982-10-14,3
777,qfxtcwuo,19,umowa leasingu,2005-11-13,10
778,acukonkq,262,umowa agencyjna,2013-03-25,8
779,vzioojuc,400,umowa wzajemna,1980-08-12,9
780,blkdjezo,1185,umowa agencyjna,2012-07-24,10
781,gopcciee,1325,umowa odpłatna,1998-03-22,7
782,waapajao,1093,umowa realna,1986-01-29,7
783,amqaeahg,1105,umowa wzajemna,1993-04-04,10
784,vlbyspyz,206,umowa wzajemna,1985-03-09,6
785,zlqrfxin,1011,umowa wzajemna,1998-09-25,2
786,hjppbwja,1008,umowa adhezyjna,1995-11-12,2
787,dzeamhcn,1344,umowa zobowiązująca,2004-03-25,10
788,iggobbfk,24,umowa adhezyjna,1986-06-13,5
789,mmkbwadz,53,umowa agencyjna,1998-03-15,9
790,yjngcbat,350,umowa losowa,2006-08-05,1
791,dtpgchih,287,umowa o dzieło,1995-07-15,9
792,twgjypak,1246,umowa wzajemna,2014-07-03,8
793,gyzltpap,78,umowa administracyjna,1980-09-08,9
794,adiueinm,278,umowa poręczenia,1981-12-01,3
795,ydmzqzkq,1234,umowa leasingu,2014-03-25,1
796,jvlszipt,1085,umowa agencyjna,2012-08-03,3
797,idldcdph,1141,umowa wzajemna,1996-07-22,1
798,pyfjvggn,350,umowa agencyjna,1999-02-17,3
799,unypihgx,150,umowa leasingu,2013-05-11,4
800,omqatvtq,154,umowa losowa,2013-02-02,5
801,kzjayiru,491,umowa realna,2013-02-09,6
802,hzzzzpsk,99,umowa leasingu,1981-12-10,1
803,aajakwcs,177,umowa poręczenia,1997-05-29,10
804,nlxcvszj,376,umowa zobowiązująca,2001-11-23,2
805,xmeuxnvd,53,umowa administracyjna,1988-02-10,7
806,muaczyuq,378,umowa poręczenia,2012-04-15,6
807,btfmtqka,1302,umowa agencyjna,2015-11-08,7
808,zcgununc,1192,umowa zobowiązująca,2010-08-18,5
809,cgyfwdii,1225,umowa leasingu,1980-06-26,6
810,nhyptyjh,354,umowa agencyjna,2002-01-07,2
811,lmqvfkcg,264,umowa agencyjna,2009-08-01,4
812,lyoncydg,1271,umowa leasingu,2018-04-22,3
813,ojjopyzc,1018,umowa realna,2002-03-25,4
814,nonzbtin,93,umowa agencyjna,2013-07-21,4
815,yohzbztq,242,umowa poręczenia,1996-09-10,7
816,hcyjkbkx,1150,umowa wzajemna,1999-03-18,8
817,whryjiqx,413,umowa o dzieło,1999-09-03,5
818,ypnkenfs,1337,umowa administracyjna,1992-09-04,4
819,cqatmhwu,1288,umowa odpłatna,2014-04-15,1
820,dttrzplw,158,umowa agencyjna,1983-11-18,6
821,egkkmali,191,umowa o dzieło,1986-11-28,3
822,kypwgokl,253,umowa agencyjna,1987-05-24,6
823,ygimelvr,164,umowa administracyjna,2013-01-04,7
824,xhvforms,322,umowa realna,2004-05-05,6
825,gvsjpuzq,71,umowa leasingu,2003-02-23,2
826,ypwzngll,1207,umowa administracyjna,2017-08-31,10
827,rqbqhghh,1257,umowa odpłatna,1993-07-01,4
828,apaptcfg,305,umowa adhezyjna,1983-09-24,1
829,figcacwi,349,umowa o dzieło,1993-12-04,4
830,qaoryjti,218,umowa wzajemna,1988-12-23,6
831,mczpnbzw,457,umowa leasingu,2006-12-02,6
832,nhqdodlt,27,umowa administracyjna,1997-09-09,9
833,vulhpdck,68,umowa administracyjna,2015-10-24,5
834,qfxyaqnx,1323,umowa adhezyjna,1987-05-20,8
835,vtnljdyb,327,umowa realna,2013-06-20,4
836,pyocxnhg,470,umowa realna,2010-09-27,3
837,iavxhqde,1122,umowa zobowiązująca,2000-01-02,1
838,xfujvhje,1155,umowa agencyjna,1997-05-14,6
839,xwquwmpq,261,umowa agencyjna,1990-03-01,2
840,oieodpnn,365,umowa poręczenia,2001-02-27,3
841,kttoxypw,1155,umowa agencyjna,2001-09-08,6
842,ztpfpxnm,1349,umowa o dzieło,2018-05-06,4
843,ahixnuib,1102,umowa agencyjna,1996-04-02,4
844,jxysccjo,130,umowa leasingu,2014-12-13,9
845,wzfkeosu,1047,umowa o dzieło,2014-06-12,3
846,ojmlykvx,45,umowa leasingu,2012-02-10,8
847,apbqasue,429,umowa agencyjna,2006-10-15,8
848,epszoszp,1016,umowa o dzieło,1986-01-30,10
849,meiwjcwo,461,umowa realna,2007-10-24,4
850,zyfedhfu,1089,umowa poręczenia,2014-07-25,8
851,vjiopeed,486,umowa poręczenia,1983-11-17,10
852,jnzofwhs,75,umowa administracyjna,1990-10-07,1
853,xykdhyfj,218,umowa losowa,2001-02-15,3
854,lyfujuks,43,umowa administracyjna,1995-09-08,3
855,nqjtcmtm,1010,umowa administracyjna,1982-01-05,1
856,gvxwjqcu,1066,umowa realna,2011-11-25,8
857,efnohbmu,1054,umowa wzajemna,1984-01-25,10
858,dveiylme,1114,umowa poręczenia,2018-12-29,1
859,dztqldhg,260,umowa administracyjna,1994-05-06,7
860,bbfpbkrw,54,umowa administracyjna,2018-09-28,2
861,aicjaxit,331,umowa wzajemna,1994-11-13,5
862,alrxtkqu,326,umowa zobowiązująca,1996-09-05,7
863,hnyjuura,196,umowa o dzieło,1991-06-28,6
864,vihkrqlh,1166,umowa agencyjna,1981-05-27,9
865,itbijcsb,65,umowa wzajemna,2007-10-07,9
866,gabyipvm,1267,umowa losowa,1991-06-19,2
867,pkoxrvzv,289,umowa wzajemna,1984-06-06,8
868,fkoedfgi,192,umowa odpłatna,2000-09-23,2
869,mebkcqow,247,umowa adhezyjna,2010-11-26,7
870,hhmvtvyk,78,umowa zobowiązująca,1994-09-15,3
